<?xml version="1.0" encoding="gbk"?>
<setting version="1.1">
<!--搜索框流量 -->
<client id="1431081025101">
    <info env="pc" site="1" name="psearch.caller.mainstation"/> 
</client>

<client id="1431503009201">
    <info env="app" site="1" name="psearch.caller.mobile"/> 
</client>

<client id="1431078397301">
    <info env="wx" site="1" name="psearch.caller.weixin.entrance"/> 
</client>

<client id="1446023823303">
    <info env="qq" site="1" name="psearch.caller.qq.entrance"/> 
</client>

<!-- 主站搜索非券购流量 mainstation-->
<client id="1051431936211">
    <info env="" site="" name="psearch.caller.maj.pc"/> 
</client>

<client id="1432696858103">
    <info env="" site="" name="psearch.caller.pc.ebook"/> 
</client>

<client id="1432697004104">
    <info env="" site="" name="psearch.caller.pc.digit"/> 
</client>

<client id="1450145984107">
    <info env="" site="2" name="psearch.caller.globalbuy.selfchannel"/> 
</client>

<client id="1431506963112">
    <info env="" site="" name="psearch.caller.last.defense.pc"/> 
</client>

<client id="1431506963113">
    <info env="" site="" name="psearch.caller.suggest.crawler"/> 
</client>

<client id="1482387298114">
    <info env="" site="" name="psearch.caller.mobile.shop.warenum"/> 
</client>

<client id="1487664445115">
    <info env="" site="" name="psearch.caller.pc.online.diff"/> 
</client>

<client id="1505280319116">
    <info env="" site="4" name="psearch.caller.yhd.pc"/> 
</client>

<client id="1456911325202">
    <info env="" site="" name="psearch.caller.list.mobile"/> 
</client>

<client id="1479810839203">
    <info env="" site="" name="psearch.caller.m.mobile"/> 
</client>

<client id="1504683124204">
    <info env="" site="2" name="psearch.caller.globalbuy.mobile"/> 
</client>

<client id="1431506963212">
    <info env="" site="" name="psearch.caller.last.defense.mobile"/> 
</client>

<client id="1051431936213">
    <info env="" site="" name="psearch.caller.kepler.browser.mobile"/> 
</client>

<client id="1484128711214">
    <info env="" site="" name="psearch.caller.voice.mobile"/> 
</client>

<client id="1484633067215">
    <info env="" site="" name="psearch.caller.stockck.mobile"/> 
</client>

<client id="1487664445216">
    <info env="" site="" name="psearch.caller.mobile.online.test"/> 
</client>

<client id="1505280556217">
    <info env="" site="4" name="psearch.caller.yhd.appandh5"/> 
</client>

<client id="1446018455302">
    <info env="" site="" name="psearch.caller.weixin.proxy"/> 
</client>

<client id="1446023823304">
    <info env="" site="" name="psearch.caller.qq.proxy"/> 
</client>

<client id="1431506963312">
    <info env="" site="" name="psearch.caller.last.defense.weixin"/> 
</client>

<client id="1435821872313">
    <info env="" site="" name="psearch.caller.wxqq.weishop"/> 
</client>

<client id="1448612676616">
    <info env="" site="" name="psearch.caller.pc.wq.nb"/> 
</client>

<client id="1480407921314">
    <info env="" site="" name="psearch.caller.wxreveal"/> 
</client>

<client id="1487664445315">
    <info env="" site="" name="psearch.caller.wxonline.diff"/> 
</client>

<client id="1510408275316">
    <info env="" site="" name="psearch.caller.wxqq.shoptab"/> 
</client>

<client id="1519367230317">
    <info env="" site="" name="psearch.caller.wxqq.shopping.circle"/> 
</client>

<client id="1519632649318">
    <info env="" site="" name="psearch.caller.wx.souyisou"/> 
</client>

<client id="1431078037501">
    <info env="" site="" name="psearch.caller.jshop"/> 
</client>

<client id="1431685511502">
    <info env="" site="" name="psearch.caller.jshop.mobile"/> 
</client>

<client id="1431936751503">
    <info env="" site="" name="psearch.caller.shop"/> 
</client>

<client id="1440400750504">
    <info env="" site="" name="psearch.caller.jshop.app"/> 
</client>

<client id="1476691409505">
    <info env="" site="" name="psearch.caller.jshop.list.app"/> 
</client>

<client id="1476691409506">
    <info env="" site="" name="psearch.caller.jshop.search.app"/> 
</client>

<client id="1477047307507">
    <info env="" site="" name="psearch.caller.app.search.hot"/> 
</client>

<client id="1431502235613">
    <info env="" site="" name="psearch.caller.custom.jimi.robot"/> 
</client>

<client id="1431595647619">
    <info env="" site="" name="psearch.caller.custom.jtk.jzt"/> 
</client>

<client id="1431930627621">
    <info env="" site="" name="psearch.caller.custom.car"/> 
</client>

<client id="1431935386623">
    <info env="" site="" name="psearch.caller.custom.im"/> 
</client>

<client id="1432277740629">
    <info env="" site="" name="psearch.caller.custom.brand.search"/> 
</client>

<client id="1435547232635">
    <info env="" site="" name="psearch.caller.custom.brand.rd"/> 
</client>

<client id="1432542126631">
    <info env="" site="" name="psearch.caller.custom.collocation"/> 
</client>

<client id="1432693563612">
    <info env="" site="" name="psearch.caller.custom.ticket"/> 
</client>

<client id="1432705013633">
    <info env="" site="" name="psearch.caller.ad.re"/> 
</client>

<client id="1436951834635">
    <info env="" site="" name="psearch.custom.home.rd"/> 
</client>

<client id="1436954626637">
    <info env="" site="" name="psearch.caller.custom.seller.new"/> 
</client>

<client id="1438941063643">
    <info env="" site="" name="psearch.caller.custom.country.hp"/> 
</client>

<client id="1437385377639">
    <info env="" site="" name="psearch.caller.custom.mobile.hp"/> 
</client>

<client id="">
    <info env="" site="" name="psearch.caller.digit.music"/> 
</client>

<client id="1444474509647">
    <info env="" site="" name="psearch.caller.custom.kepler.search"/> 
</client>

<client id="1445247488649">
    <info env="" site="" name="psearch.caller.custom.jd.timeline"/> 
</client>

<client id="1445324165651">
    <info env="" site="" name="psearch.caller.custom.app.live"/> 
</client>

<client id="1446521462653">
    <info env="" site="" name="psearch.caller.custom.card"/> 
</client>

<client id="1447384870655">
    <info env="" site="" name="psearch.caller.yisou"/> 
</client>

<client id="1447755434657">
    <info env="" site="" name="psearch.caller.custom.diviner"/> 
</client>

<client id="1448525652614">
    <info env="" site="" name="psearch.caller.custom.m.cms"/> 
</client>

<client id="1449027420114">
    <info env="" site="" name="psearch.caller.pc.correlation.sd"/> 
</client>

<client id="1449729756618">
    <info env="" site="" name="psearch.caller.custom.coll.aggregation"/> 
</client>

<client id="1449729756620">
    <info env="" site="" name="psearch.caller.pc.book.hsl"/> 
</client>

<client id="1449822893802">
    <info env="" site="" name="psearch.caller.ebook.search"/> 
</client>

<client id="1452500204659">
    <info env="" site="" name="psearch.caller.custom.jd.freeget"/> 
</client>

<client id="1453204237661">
    <info env="" site="" name="psearch.caller.custom.jzt.dmp"/> 
</client>

<client id="1518087363662">
    <info env="" site="" name="psearch.caller.xiaoheilong.dmp"/> 
</client>

<client id="1453689421663">
    <info env="" site="" name="psearch.caller.custom.jd.m.att"/> 
</client>

<client id="1453968899665">
    <info env="" site="" name="psearch.caller.custom.kepler.search.filter"/> 
</client>

<client id="1460533336755">
    <info env="" site="" name="psearch.caller.custom.kepler.search.filter"/> 
</client>

<client id="1454307947667">
    <info env="" site="" name="psearch.caller.custom.vd"/> 
</client>

<client id="1461048886516">
    <info env="" site="" name="psearch.caller.chaozhigou"/> 
</client>

<client id="1461663946126">
    <info env="" site="" name="psearch.caller.pc.ofp"/> 
</client>

<client id="1461837957528">
    <info env="" site="" name="psearch.caller.couponsearch.sort"/> 
</client>

<client id="1462964832803">
    <info env="" site="" name="psearch.caller.ad.middle"/> 
</client>

<client id="1463037602712">
    <info env="" site="2" name="psearch.caller.m.ww.self"/> 
</client>

<client id="1463369948616">
    <info env="" site="" name="psearch.caller.custom.rs.dc"/> 
</client>

<client id="1463489957617">
    <info env="" site="" name="psearch.caller.custom.coupon.channel"/> 
</client>

<client id="1459921095675">
    <info env="" site="" name="psearch.caller.custom.popseo"/> 
</client>

<client id="1465812854613">
    <info env="" site="" name="psearch.caller.custom.kepler.ebook"/> 
</client>

<client id="1465893237514">
    <info env="" site="" name="psearch.caller.couponsearch.vd.coupon"/> 
</client>

<client id="1467269279730">
    <info env="" site="" name="psearch.caller.promo.aggrsearch"/> 
</client>

<client id="">
    <info env="" site="" name="psearch.caller.redappmixsearch"/> 
</client>

<client id="1470303883126">
    <info env="" site="" name="psearch.caller.intelrefrig"/> 
</client>

<client id="1470037788101">
    <info env="" site="" name="psearch.caller.zgbapp.coupon"/> 
</client>

<client id="1472219949682">
    <info env="" site="" name="psearch.caller.custom.nuts"/> 
</client>

<client id="1472785068921">
    <info env="" site="" name="psearch.caller.custom.jdredpacket"/> 
</client>

<client id="1474453711621">
    <info env="" site="" name="psearch.caller.custom.wd.crm"/> 
</client>

<client id="1474453991121">
    <info env="" site="" name="psearch.caller.couponsearch.top.aoi"/> 
</client>

<client id="1474535038122">
    <info env="" site="" name="psearch.caller.couponsearch.batchnum"/> 
</client>

<client id="14748919088126">
    <info env="" site="" name="psearch.caller.couponsearch.nshopsoa"/> 
</client>

<client id="1477042459621">
    <info env="" site="" name="psearch.caller.cellphone.accessories"/> 
</client>

<client id="1476947566127">
    <info env="" site="" name="psearch.caller.couponsearch.appacc"/> 
</client>

<client id="1481183869628">
    <info env="" site="" name="psearch.caller.custom.convstore"/> 
</client>

<client id="1483001420616">
    <info env="" site="" name="psearch.caller.custom.channel.filter"/> 
</client>

<client id="1481710473614">
    <info env="" site="" name="psearch.caller.custom.fiancialapp.search"/> 
</client>

<client id="1483093457630">
    <info env="" site="" name="psearch.caller.custom.cooking"/> 
</client>

<client id="1483605596631">
    <info env="" site="" name="psearch.caller.custom.jhub.josif"/> 
</client>

<client id="1483700112632">
    <info env="" site="" name="psearch.caller.custom.jshop.hprec"/> 
</client>

<client id="1459921095673">
    <info env="" site="" name="caller.tongtianta"/> 
</client>

<client id="1484192096635">
    <info env="" site="" name="psearch.caller.custom.wxscancode"/> 
</client>

<client id="1484552492636">
    <info env="" site="" name="psearch.caller.custom.cms"/> 
</client>

<client id="1484552492622">
    <info env="" site="" name="psearch.caller.custom.smart_answer"/> 
</client>

<client id="1488963582638">
    <info env="" site="" name="psearch.caller.custom.pc_top"/> 
</client>

<client id="1489048679639">
    <info env="" site="" name="psearch.caller.custom.youping"/> 
</client>

<client id="1489662483640">
    <info env="" site="" name="psearch.caller.custom.wqs"/> 
</client>

<client id="1489719704641">
    <info env="" site="" name="psearch.caller.custom.zmd"/> 
</client>

<client id="1492585648642">
    <info env="" site="" name="psearch.caller.custom.mobile.assistant"/> 
</client>

<client id="1494583362644">
    <info env="" site="" name="psearch.caller.custom.toplife"/> 
</client>

<client id="1495508392645">
    <info env="" site="" name="psearch.caller.custom.jdxiaoge"/> 
</client>

<client id="1495615478646">
    <info env="" site="" name="psearch.caller.xiaobai.daogou"/> 
</client>

<client id="1495616184647">
    <info env="" site="" name="psearch.caller.category.wenda"/> 
</client>
<client id="1498743247629">
    <info env="" site="" name="psearch.caller.auto.stroll"/> 
</client>
<client id="1500357537648">
    <info env="" site="" name="psearch.caller.my.coupon"/> 
</client>
<client id="1500433678649">
    <info env="" site="" name="psearch.caller.multimodal.information"/> 
</client>
<client id="1500534523650">
    <info env="" site="" name="psearch.caller.giftcard.sku.channel"/> 
</client>
<client id="1504498253651">
    <info env="" site="" name="psearch.caller.giftcard.key.channel"/> 
</client>
<client id="1504614290652">
    <info env="" site="" name="psearch.caller.scene.selection"/> 
</client>
<client id="1506655556653">
    <info env="" site="" name="psearch.caller.sort.tool"/> 
</client>
<client id="1509626924654">
    <info env="" site="" name="psearch.caller.paipai.ershou.shop"/> 
</client>
<client id="1510124982655">
    <info env="" site="" name="psearch.caller.union.search"/> 
</client>
<client id="1512540155656">
    <info env="" site="" name="psearch.caller.newproduct.catch"/> 
</client>
<client id="1512719420657">
    <info env="" site="" name="psearch.caller.xiala.crawler.main"/> 
</client>
<client id="1512719420658">
    <info env="" site="" name="psearch.caller.xiala.crawler.toplife"/> 
</client>
<client id="1512719420659">
    <info env="" site="" name="psearch.caller.xiala.crawler.yhd"/> 
</client>
<client id="1512719420660">
    <info env="" site="" name="psearch.caller.xiala.crawler.globalbuy"/> 
</client>
<client id="1512971143661">
    <info env="" site="" name="psearch.caller.intelligent.suitcase"/> 
</client>
<client id="1513765185662">
    <info env="" site="" name="psearch.caller.greatwall.quality.control"/> 
</client>
<client id="1514169776663">
    <info env="" site="" name="psearch.caller.xiala.crawler.shop"/> 
</client>
<client id="1514274666664">
    <info env="" site="" name="psearch.caller.shop.new.product"/> 
</client>
<client id="1515987387665">
    <info env="" site="" name="psearch.caller.topkey.crawler"/> 
</client>
<client id="1515997952666">
    <info env="" site="" name="psearch.caller.shang.channel"/> 
</client>
<client id="1518059843667">
    <info env="" site="" name="psearch.caller.qp.correct.crawler"/> 
</client>


<!-- 券购 coupon-->
<client id="1479298969701">
    <info env="" site="" name="psearch.caller.coupon.app"/> 
</client>

<client id="1479298969702">
    <info env="" site="" name="psearch.caller.coupon.app.redenvelope"/> 
</client>
<client id="1479384465703">
    <info env="" site="" name="psearch.caller.coupon.weixin"/> 
</client>
<client id="1479384615704">
    <info env="" site="" name="psearch.caller.coupon.pc"/> 
</client>
<client id="1480389409705">
    <info env="" site="" name="psearch.caller.coupon.backup"/> 
</client>
<client id="1476444914706">
    <info env="" site="" name="psearch.caller.coupon.jshop"/> 
</client>

<client id="1490270636708">
    <info env="" site="" name="psearch.caller.coupon.category"/> 
</client>

<client id="1459921095001">
    <info env="" site="" name="psearch.caller.coupon.rec"/> 
</client>
<client id="1495435612709">
    <info env="" site="" name="psearch.caller.coupon.shangzhi"/> 
</client>
<client id="1497862403710">
    <info env="" site="" name="psearch.caller.coupon.jingzhi"/> 
</client>
<client id="1498442579711">
    <info env="" site="" name="psearch.caller.coupon.center.cat"/> 
</client>
<client id="1499855140712">
    <info env="" site="" name="psearch.caller.coupon.data.inc"/> 
</client>
<client id="1499924928713">
    <info env="" site="" name="psearch.caller.coupon.keep"/> 
</client>
<client id="1500001925714">
    <info env="" site="" name="psearch.caller.coupon.zhuanxiang"/> 
</client>
<client id="1501566181715">
    <info env="" site="" name="psearch.caller.coupon.padfridge"/> 
</client>
<client id="1502799371716">
    <info env="" site="" name="psearch.caller.coupon.share"/> 
</client>
<client id="1502864254717">
    <info env="" site="" name="psearch.caller.coupon.qqbroswer"/> 
</client>
<client id="1502870057718">
    <info env="" site="" name="psearch.caller.coupon.center.yhd"/> 
</client>
<client id="1503657429719">
    <info env="" site="" name="psearch.caller.coupon.ace"/> 
</client>
<client id="1505389187720">
    <info env="" site="" name="psearch.caller.coupon.yhd"/> 
</client>
<client id="1506061827721">
    <info env="" site="" name="psearch.caller.promo.paipai.2shou"/> 
</client>
<client id="1511491619722">
    <info env="" site="" name="psearch.caller.my.coupon.soa"/> 
</client>
<client id="1479298969801">
    <info env="" site="" name="psearch.caller.promo.app.order"/> 
</client>
<client id="1479384465802">
    <info env="" site="" name="psearch.caller.promo.weixin.order"/> 
</client>
<client id="1479384615803">
    <info env="" site="" name="psearch.caller.promo.pc.order.promo"/> 
</client>
<client id="1444474509647">
    <info env="" site="" name="psearch.caller.promo.pc.order"/> 
</client>
<client id="1480389409805">
    <info env="" site="" name="psearch.caller.promo.backup"/> 
</client>
<client id="1493725525752">
    <info env="" site="" name="psearch.caller.promo.center"/> 
</client>
<client id="1499665113806">
    <info env="" site="" name="psearch.caller.promo.1guoyao"/> 
</client>
<client id="1500449735807">
    <info env="" site="" name="psearch.caller.promo.shop.inc"/> 
</client>
<client id="1503565763808">
    <info env="" site="" name="psearch.caller.promo.kepler"/> 
</client>
<client id="1505389367809">
    <info env="" site="" name="psearch.caller.promo.yhd"/> 
</client>
<client id="1510800161810">
    <info env="" site="" name="psearch.caller.jingdong.zhuanxiang"/> 
</client>
<client id="1510803282811">
    <info env="" site="" name="psearch.caller.fugou.system"/> 
</client>
<client id="1512987862812">
    <info env="" site="" name="psearch.caller.kepler.control"/> 
</client>
<client id="1513060260813">
    <info env="" site="" name="psearch.caller.category.marketing"/> 
</client>
<client id="1516003872814">
    <info env="" site="" name="psearch.caller.coupon.scene.crawler"/> 
</client>
<client id="1516609149901">
    <info env="" site="" name="psearch.caller.coupon.scene"/> 
</client>
</setting>
